path	type	MasterCopy	hashdeep	xxhsum	sha256	ascmhl
zero-byte.bin	append	caught	caught	caught	caught	skip
日本語 素材/カメラ A・本番 テイク01.mov	truncate	caught	caught	caught	caught	skip
symbols #&() []/clip #1 & take (final).wav	byte-flip	caught	caught	caught	caught	skip
DCIM/A001/A002_C4251_004251.braw	truncate	caught	caught	caught	caught	skip
Photos/IMG_1768.JPG	byte-flip	caught	caught	caught	caught	skip
Photos/IMG_1769.JPG	byte-flip	caught	caught	caught	caught	skip
Photos/IMG_1770.JPG	byte-flip	caught	caught	caught	caught	skip
Photos/IMG_1771.JPG	byte-flip	caught	caught	caught	caught	skip
Photos/IMG_1772.JPG	byte-flip	caught	caught	caught	caught	skip
Photos/IMG_1773.JPG	byte-flip	caught	caught	caught	caught	skip
