path	type	control_sha256
zero-byte.bin	append	e3b0c44298fc1c149afbf4c8996fb92427ae41e4649b934ca495991b7852b855
日本語 素材/カメラ A・本番 テイク01.mov	truncate	2eff24ef27caba56574d148492f5e026c99fbd3229556c0ee3fc1943fdbc26f8
symbols #&() []/clip #1 & take (final).wav	byte-flip	733ae19a37ea90c8f80b74e2d086d5be4063ebe018ccaa9f2f008a7e82c408d5
DCIM/A001/A002_C4251_004251.braw	truncate	7897a2571bb19b5e7d7c77caa8a4bcd2cdee6df65b18db06f5ab2de367dddbc0
Photos/IMG_1768.JPG	byte-flip	bf4d4fcd0f484c5f6037c891184cedc2cfbffe0616aa33ea3b6e19151e5480e3
Photos/IMG_1769.JPG	byte-flip	62d36165237e31c90693abf155b33399be6f83df9fa56f763603dbcc922cb090
Photos/IMG_1770.JPG	byte-flip	b4175ec72b24070592479907647019297af542c0184d541216aef9664c12542b
Photos/IMG_1771.JPG	byte-flip	2457ad4c7d3a975540ef341a3a420063d5085fba8de6f579c494840a0d14e4c9
Photos/IMG_1772.JPG	byte-flip	a3ff2067476f04f399621fa180a030b88ee2a215e677d5a180f5a5a277887532
Photos/IMG_1773.JPG	byte-flip	fbcef19cd804124bf011c959246fb4a031a67f36dcd688d3f478a65778a5da59
